{
  "learning_progression": {
    "total_iterations": 20,
    "improvement_rate": 0.4464618083230231,
    "learning_efficiency": 0.022323090416151155,
    "convergence_point": 3,
    "self_learning_validated": "True"
  },
  "performance_metrics": {
    "performance_gains": {
      "accuracy_gain": 0.1786878414520171,
      "efficiency_gain": 0.264,
      "recursive_optimization_gain": 0.35,
      "final_accuracy": 0.95,
      "final_efficiency": 0.914
    },
    "learning_characteristics": {
      "learning_curve_slope": 0.010860254548067026,
      "average_knowledge_retention": 0.8425,
      "retention_trend": "improving",
      "adaptation_capability": 0.9750000000000001
    },
    "algorithm_improvements": {
      "nlp_processing": {
        "improvement": 0.3383388281493911,
        "initial_efficiency": 0.6416611718506089,
        "final_efficiency": 0.98,
        "average_efficiency": 0.8291171456481006,
        "improvement_rate": 0.5272858059551762
      },
      "multi_objective_optimization": {
        "improvement": 0.2709457278382583,
        "initial_efficiency": 0.6700813677859541,
        "final_efficiency": 0.9410270956242124,
        "average_efficiency": 0.8225508214831011,
        "improvement_rate": 0.40434750295102556
      },
      "ensemble_methods": {
        "improvement": 0.11701874842374327,
        "initial_efficiency": 0.6601497565975541,
        "final_efficiency": 0.7771685050212974,
        "average_efficiency": 0.8686963338195073,
        "improvement_rate": 0.1772609127766159
      },
      "adaptive_optimization": {
        "improvement": 0.3560349304487658,
        "initial_efficiency": 0.6239650695512342,
        "final_efficiency": 0.98,
        "average_efficiency": 0.840772805365868,
        "improvement_rate": 0.5706007400459642
      },
      "self_optimization": {
        "improvement": 0.2841068292938459,
        "initial_efficiency": 0.6958931707061541,
        "final_efficiency": 0.98,
        "average_efficiency": 0.8617313825337248,
        "improvement_rate": 0.4082621316797087
      },
      "clustering": {
        "improvement": 0.10187944820614847,
        "initial_efficiency": 0.8781205517938515,
        "final_efficiency": 0.98,
        "average_efficiency": 0.8296739611530413,
        "improvement_rate": 0.11601988815547708
      },
      "genetic_algorithm": {
        "improvement": -0.02647222681610173,
        "initial_efficiency": 0.8885900601330399,
        "final_efficiency": 0.8621178333169381,
        "average_efficiency": 0.8537039483794766,
        "improvement_rate": -0.02979127046743951
      },
      "neural_architecture_search": {
        "improvement": 0.13643344085050413,
        "initial_efficiency": 0.8435665591494959,
        "final_efficiency": 0.98,
        "average_efficiency": 0.8847818132226666,
        "improvement_rate": 0.1617340556838332
      },
      "self_modification": {
        "improvement": 0.05726738881508597,
        "initial_efficiency": 0.8707984868203809,
        "final_efficiency": 0.9280658756354668,
        "average_efficiency": 0.8371997795748127,
        "improvement_rate": 0.0657642263759451
      },
      "text_classification": {
        "improvement": 0.12276969950723005,
        "initial_efficiency": 0.7988361986778592,
        "final_efficiency": 0.9216058981850892,
        "average_efficiency": 0.8142810060117036,
        "improvement_rate": 0.1536856989085174
      },
      "deep_learning": {
        "improvement": 0.36901103181096795,
        "initial_efficiency": 0.610988968189032,
        "final_efficiency": 0.98,
        "average_efficiency": 0.8267781912150218,
        "improvement_rate": 0.60395694689008
      },
      "dijkstra": {
        "improvement": 0.2379288818576153,
        "initial_efficiency": 0.7420711181423847,
        "final_efficiency": 0.98,
        "average_efficiency": 0.8559384892489493,
        "improvement_rate": 0.32062813932607837
      },
      "hierarchical_decomposition": {
        "improvement": 0.05357549000505635,
        "initial_efficiency": 0.8175866399949685,
        "final_efficiency": 0.8711621300000248,
        "average_efficiency": 0.8247594083095912,
        "improvement_rate": 0.06552882273783982
      },
      "algorithm_evolution": {
        "improvement": 0.374454088716195,
        "initial_efficiency": 0.605545911283805,
        "final_efficiency": 0.98,
        "average_efficiency": 0.8329977746000139,
        "improvement_rate": 0.6183743986022842
      },
      "linear_regression": {
        "improvement": 0.044769611797980224,
        "initial_efficiency": 0.830357829234091,
        "final_efficiency": 0.8751274410320712,
        "average_efficiency": 0.8360177102001052,
        "improvement_rate": 0.05391604706042817
      },
      "collaborative_filtering": {
        "improvement": 0.3798449031755363,
        "initial_efficiency": 0.6001550968244637,
        "final_efficiency": 0.98,
        "average_efficiency": 0.8236501377955724,
        "improvement_rate": 0.632911234421517
      },
      "k_means": {
        "improvement": 0.3604052274170474,
        "initial_efficiency": 0.6195947725829526,
        "final_efficiency": 0.98,
        "average_efficiency": 0.8507546611579453,
        "improvement_rate": 0.5816789349506586
      },
      "fractal_analysis": {
        "improvement": 0.3609928100859624,
        "initial_efficiency": 0.6190071899140376,
        "final_efficiency": 0.98,
        "average_efficiency": 0.8660148587385175,
        "improvement_rate": 0.5831803183676978
      },
      "risk_analysis": {
        "improvement": 0.15744493519457403,
        "initial_efficiency": 0.648959383759794,
        "final_efficiency": 0.806404318954368,
        "average_efficiency": 0.8620127656865065,
        "improvement_rate": 0.2426113854497414
      },
      "genetic_programming": {
        "improvement": 0.18419479034077713,
        "initial_efficiency": 0.7958052096592229,
        "final_efficiency": 0.98,
        "average_efficiency": 0.8465711618695803,
        "improvement_rate": 0.23145713059562958
      },
      "pattern_recognition": {
        "improvement": -0.11058830762476368,
        "initial_efficiency": 0.8844207571997835,
        "final_efficiency": 0.7738324495750198,
        "average_efficiency": 0.8259718633750486,
        "improvement_rate": -0.12504038007305912
      },
      "reinforcement_learning": {
        "improvement": 0.21541871151046532,
        "initial_efficiency": 0.7645812884895347,
        "final_efficiency": 0.98,
        "average_efficiency": 0.8130220276363854,
        "improvement_rate": 0.2817472971854109
      },
      "hyperparameter_optimization": {
        "improvement": 0.19999318802477506,
        "initial_efficiency": 0.7800068119752249,
        "final_efficiency": 0.98,
        "average_efficiency": 0.853665352921392,
        "improvement_rate": 0.25639928389641725
      },
      "a_star": {
        "improvement": 0.050179326403314906,
        "initial_efficiency": 0.8474433438941817,
        "final_efficiency": 0.8976226702974966,
        "average_efficiency": 0.8357755909367837,
        "improvement_rate": 0.05921260313725549
      },
      "swarm_intelligence": {
        "improvement": 0.0823807090341937,
        "initial_efficiency": 0.8976192909658063,
        "final_efficiency": 0.98,
        "average_efficiency": 0.848705313351679,
        "improvement_rate": 0.09177689234547867
      },
      "financial_modeling": {
        "improvement": 0.14622799385844476,
        "initial_efficiency": 0.8337720061415552,
        "final_efficiency": 0.98,
        "average_efficiency": 0.8742049068901784,
        "improvement_rate": 0.17538127063673403
      },
      "causal_discovery": {
        "improvement": 0.32765136993829835,
        "initial_efficiency": 0.6387058155350779,
        "final_efficiency": 0.9663571854733762,
        "average_efficiency": 0.832037975887802,
        "improvement_rate": 0.51299262034088
      },